id,booth_hours,booth_open,description,downloadable_content,email_one,email_one_title,email_two,email_two_title,footer_links,footer_title,images,logo_image,main_title,main_video_session,one_on_one_link
a396f9ba-29fa-40d5-b339-f78cd9483605,,false,"BlueHalo is purpose-built to provide industry-leading capabilities in the domains of Space Superiority and Directed Energy, Air and Missile Defense and C4ISR, and Cyber and Intelligence.  BlueHalo focuses on inspired engineering to develop, transition, and field next-generation capabilities to solve the most complex challenges of our customer’s critical missions and reestablish our national security posture in the near-peer contested arena.  www.bluehalo.com","[{""title"":""C&I Overview"",""link"":""https://www.bluehalo.com""},{""title"":""BlueHalo Overview"",""link"":""https://www.bluehalo.com""},{""title"":""Our careers, culture and company video"",""link"":""www.bluehalo.com/careers""},{""title"":""Our BlueHalo Cyber & Intelligence LinkedIn Page"",""link"":""https://www.linkedin.com/company/bluehalo-cyber-intelligence""}]",careers@bluehalo.com ,,,,"[{""title"":""Radio Frequency Engineer"",""link"":""https://usg02.safelinks.protection.office365.us/?url=https%3A%2F%2Fjobs.lever.co%2Fbluehalo%2F0c8e75e4-d6f7-49e5-8009-60408713afff&data=04%7C01%7C%7C8b29536501604b9751ca08d994ca203d%7C10c0370427c34ea18c2b2d9417d7ae50%7C0%7C0%7C637704418105507076%7CUnknown%7CTWFpbGZsb3d8eyJWIjoiMC4wLjAwMDAiLCJQIjoiV2luMzIiLCJBTiI6Ik1haWwiLCJXVCI6Mn0%3D%7C1000&sdata=eH1WMOgmPDnYL8R1uHKuEEUaRgFclponHpjE2ryolJk%3D&reserved=0""},{""link"":""https://usg02.safelinks.protection.office365.us/?url=https%3A%2F%2Fjobs.lever.co%2Fbluehalo%2F3725043c-c18b-4ca4-a745-198e08b8a6ba&data=04%7C01%7C%7Cc1b93f9768e241e6db0b08d994ca26b5%7C10c0370427c34ea18c2b2d9417d7ae50%7C0%7C0%7C637704418207888143%7CUnknown%7CTWFpbGZsb3d8eyJWIjoiMC4wLjAwMDAiLCJQIjoiV2luMzIiLCJBTiI6Ik1haWwiLCJXVCI6Mn0%3D%7C1000&sdata=H4fySFlXO0M2qgVXscHpmb141l2KUkSlQytX7RtQTAw%3D&reserved=0"",""title"":""Full Stack Developer""},{""link"":""https://usg02.safelinks.protection.office365.us/?url=https%3A%2F%2Fjobs.lever.co%2Fbluehalo%2F6a29c90e-0f53-4851-979b-8d982efe3556&data=04%7C01%7C%7C00ea06d59b4944e3baf308d994ca35d9%7C10c0370427c34ea18c2b2d9417d7ae50%7C0%7C0%7C637704418465889576%7CUnknown%7CTWFpbGZsb3d8eyJWIjoiMC4wLjAwMDAiLCJQIjoiV2luMzIiLCJBTiI6Ik1haWwiLCJXVCI6Mn0%3D%7C1000&sdata=iO8NfEtDdp1BP3FmxqC4c5gy3vtCmp4YCdS0Xq3yoas%3D&reserved=0"",""title"":""Test Engineer""},{""link"":""https://usg02.safelinks.protection.office365.us/?url=https%3A%2F%2Fjobs.lever.co%2Fbluehalo%2Fa6dc3858-9e5c-4878-837c-bbfb3485c973&data=04%7C01%7C%7Cda05349bddfc4e2ae37b08d993cd4d65%7C10c0370427c34ea18c2b2d9417d7ae50%7C0%7C0%7C637703332248301833%7CUnknown%7CTWFpbGZsb3d8eyJWIjoiMC4wLjAwMDAiLCJQIjoiV2luMzIiLCJBTiI6Ik1haWwiLCJXVCI6Mn0%3D%7C1000&sdata=apoYMq%2BGjMH7LSOQo3IKlbBbO53l5XnvfBQbc2T07WI%3D&reserved=0"",""title"":""Reverse Engineer""},{""link"":""https://usg02.safelinks.protection.office365.us/?url=https%3A%2F%2Fjobs.lever.co%2Fbluehalo%2F918647e4-de87-4a11-bdab-2186c8f0f68d&data=04%7C01%7C%7Cda05349bddfc4e2ae37b08d993cd4d65%7C10c0370427c34ea18c2b2d9417d7ae50%7C0%7C0%7C637703332248301833%7CUnknown%7CTWFpbGZsb3d8eyJWIjoiMC4wLjAwMDAiLCJQIjoiV2luMzIiLCJBTiI6Ik1haWwiLCJXVCI6Mn0%3D%7C1000&sdata=linvqiak6L4z%2F8aj7uH%2F7OXtvSKFFIUtNSg7pnKc%2FcU%3D&reserved=0"",""title"":""Data Scientist""},{""link"":""https://usg02.safelinks.protection.office365.us/?url=https%3A%2F%2Fjobs.lever.co%2Fbluehalo%2F652caea0-8430-46d0-97ab-bf2a88c1d2c9&data=04%7C01%7C%7Cda05349bddfc4e2ae37b08d993cd4d65%7C10c0370427c34ea18c2b2d9417d7ae50%7C0%7C0%7C637703332248301833%7CUnknown%7CTWFpbGZsb3d8eyJWIjoiMC4wLjAwMDAiLCJQIjoiV2luMzIiLCJBTiI6Ik1haWwiLCJXVCI6Mn0%3D%7C1000&sdata=adne%2F5OKj%2FhIkyJjCCL1XJCqn92A0xjAq1uwG7nCVsI%3D&reserved=0"",""title"":""Network Security Engineer""}]",Job Postings,"[""https://platform-assets-prd.s3.amazonaws.com/sponsor_assets/BlueHalo/bluehalo-carousel-1.jpg"",""https://platform-assets-prd.s3.amazonaws.com/sponsor_assets/BlueHalo/bluehalo-carousel-2.jpg"",""https://platform-assets-prd.s3.amazonaws.com/sponsor_assets/BlueHalo/bluehalo-carousel-3.jpg"",""https://platform-assets-prd.s3.amazonaws.com/sponsor_assets/BlueHalo/bluehalo-carousel-4.jpg"",""https://platform-assets-prd.s3.amazonaws.com/sponsor_assets/BlueHalo/bluehalo-carousel-5.jpg""]",https://platform-assets-prd.s3.amazonaws.com/sponsor_assets/BlueHalo/bluehalo-logo.png,BlueHalo,https://us06web.zoom.us/j/87436102814?pwd=Z3VPTFcrdDhCbHhNKzVaa29WcUdKUT09 ,
ce28a1f0-1286-43e7-b05d-47ef0fe2a6c1,This sponsor's open Zoom session is open from 10am-12pm on Saturday (ET).,false,"The Bank of America Global Technology team delivers technology services that form the backbone of the company's retail, commercial and institutional businesses, as well as its key support functions around the world. Technology is at the heart of everything we do. The team benefits from significant annual investment from the bank to develop and deploy leading-edge technology in areas such as mobile and online banking, payments processing, technology infrastructure, cyber security, risk and capital management, and enterprise data management. Our mainframe environment is the third largest in the world.","[{""title"":""Where do you want to work?"",""link"":""https://vimeo.com/589079616""},{""link"":""https://players.brightcove.net/1625296048001/HkxOSdxRDM_default/index.html?videoId=6088801928001"",""title"":""Women in Tech at Bank of America""}]",gistalent@bofa.com ,,,,"[{""title"":""Internships"",""link"":""https://campus.bankofamerica.com/opportunities.html""},{""link"":""http://careers.bankofamerica.com"",""title"":""Careers site""}]",Job Postings,"[""https://platform-assets-prd.s3.amazonaws.com/sponsor_assets/BofA/bofa-carousel-1.jpg"",""https://platform-assets-prd.s3.amazonaws.com/sponsor_assets/BofA/bofa-carousel-2.jpg"",""https://platform-assets-prd.s3.amazonaws.com/sponsor_assets/BofA/bofa-carousel-3.jpg"",""https://platform-assets-prd.s3.amazonaws.com/sponsor_assets/BofA/bofa-carousel-4.JPG"",""https://platform-assets-prd.s3.amazonaws.com/sponsor_assets/BofA/bofa-carousel-5.jpg""]",https://platform-assets-prd.s3.amazonaws.com/sponsor_assets/BofA/BofA_cmyk_inline+logo.jpg,Bank of America,https://us06web.zoom.us/j/83832965638?pwd=TVgwWDNyYXRrSjlKa2FUcFR6Z0Q0UT09 ,
ecf1837b-8b95-4623-a292-10be030c1355,,false,"Bloomberg is a global information and technology company. We use our dynamic network of data, ideas and analysis to solve difficult problems. Our customers around the world rely on us to deliver accurate, real-time business and market information that helps them make important financial decisions. Our company's groundbreaking success reaches far beyond the finance and technology industries: we invest nearly all of our profits to help solve humanitarian issues globally and in our own communities. Our founder, Mike Bloomberg, is one of the world's top philanthropists, and through Bloomberg Philanthropies, we are committed to support worthy causes where the greatest good can be achieved. By harnessing the power of data, news and analytics, we help organize, understand and bring clarity to a complex world. It's our purpose. Come find yours. ","[{""link"":""https://www.youtube.com/watch?v=CnWG8TuPCSg"",""title"":""Meet Some of the Women of Bloomberg Engineering""},{""link"":""https://www.techatbloomberg.com/"",""title"":""Tech at Bloomberg""}]",fsdrecruiting@bloomberg.com ,,,,"[{""title"":""Bloomberg Interest Form"",""link"":""https://tinyurl.com/ye97etmb""},{""link"":""https://careers.bloomberg.com/job/detail/92290?qe=2022+Software+Engineer"",""title"":""2022 Software Engineer""}]",Job Postings,[],https://platform-assets-prd.s3.amazonaws.com/sponsor_assets/Bloomberg/bloomberg-logo-black.png,Bloomberg,,
6cf34c2d-039e-4faa-a926-a02987950444,"This sponsor's open Zoom session is open from 8:30pm-10pm on Friday, 10am-12pm on Saturday, and 4pm-6pm on Saturday (ET).",false,"We work at the intersection of academia and industry to propel women and  underrepresented communities into computing degrees and tech careers. Through  curriculum innovation, career access, and community building, our goal is to achieve  gender equality in tech. ",[],dwhite@cornell.edu ,,,,[],Job Postings,[],https://platform-assets-prd.s3.amazonaws.com/sponsor_assets/BreakThrough/BTT_logos_SVG_file.png,Break Through Tech DC,https://us06web.zoom.us/j/89139213778?pwd=eTFPdHNSWlpsRkRWNGhPMndZOHYxdz09 ,
194bf474-6bcc-4035-8f86-ecb3209400bd,"This sponsor's open Zoom session is open from 8:30pm-10pm on Friday, 10am-12pm on Saturday, and 3pm-5pm on Saturday (ET).",false,"CACI provides expertise and technology to defense, intelligence, and civilian customers in support of national security missions. We are a people-first company, with a knack for innovation, specializing in C4ISR, Cyber & Space, Engineering, IT, Digital, and Mission Solutions.   We employ diverse talent to create an environment that fosters continuous learning. At CACI, you’ll build a long-term career that allows you to contribute to critical missions in support of our nation and warfighters. You’ll cultivate impactful relationships and develop in-demand skills while having the autonomy to design your unique career path. We’re hiring Software/Systems, IT/Infrastructure, Cyber Security talent and more! ","[{""link"":""https://careers.caci.com/global/en/life-at-caci"",""title"":""Life at CACI""},{""link"":""https://careers.caci.com/global/en/early-career-internships"",""title"":""Early Career and Internships at CACI""}]",,,,,"[{""title"":""Engineering Opportunities"",""link"":""https://careers.caci.com/global/en/c/engineering-jobs""},{""link"":""https://careers.caci.com/global/en/c/it-jobs"",""title"":""IT Opportunities""},{""link"":""https://careers.caci.com/global/en/c/security-jobs"",""title"":""Cyber/Security Opportunities""},{""link"":""https://careers.caci.com/global/en/c/intelligence-jobs"",""title"":""Intelligence Opportunities""},{""link"":""https://careers.caci.com/global/en/c/project-program-management-jobs"",""title"":""Project & Program Management Opportunities""},{""link"":""https://careers.caci.com/global/en/search-results"",""title"":""All Opportunities""}]",Job Postings,"[""https://platform-assets-prd.s3.amazonaws.com/sponsor_assets/CACI/caci-carousel-1.png"", ""https://platform-assets-prd.s3.amazonaws.com/sponsor_assets/CACI/caci-carousel-2.png"",""https://platform-assets-prd.s3.amazonaws.com/sponsor_assets/CACI/caci-carousel-3.jpg"",""https://platform-assets-prd.s3.amazonaws.com/sponsor_assets/CACI/caci-carousel-4.jpg"",""https://platform-assets-prd.s3.amazonaws.com/sponsor_assets/CACI/caci-carousel-5.jpg"",""https://platform-assets-prd.s3.amazonaws.com/sponsor_assets/CACI/caci-carousel-6.jpg""]",https://platform-assets-prd.s3.amazonaws.com/sponsor_assets/CACI/CACI_WhiteBackground_Logo_PhenomPeople.jpg,CACI International,https://us06web.zoom.us/j/81824566302?pwd=dGFTVzQ0R0N6eWRoSmRBR1ltbkVMUT09 ,
522d43f7-8711-46d1-bb81-04b459d63361,,false,"Equinix MetalTM is an automated, interconnected, low-latency bare metal-as-a-service that is available in global locations across Platform Equinix®. We enable digital businesses to more quickly be at the center of the customers, suppliers, and partners with whom they want to connect. As part of Equinix, our mission is to protect, connect, and power the digital world with physical infrastructure that moves at software speed. ","[{""link"":""https://careers.equinix.com/metal-careers-page?utm_source=outlookemailsig&utm_medium=outlookemailsig&utm_campaign=outlookemailsig"",""title"":""Equinix Metal Career opportunities""},{""link"":""https://careers.equinix.com/homepage?utm_source=homepageemailsig&utm_medium=outlook&utm_campaign=homepage"",""title"":""Equinix Career""}]",acalabro@equinix.com ,,,,"[{""title"":""Software Engineer"",""link"":""https://careers.equinix.com/jobs/software-engineer-equinix-metal-sunnyvale-california-united-states-ashburn-virginia-atlanta-georgia-buffalo-new-york-chicago-illinois-frisco-texas-indianapolis-indiana-nashville-new-jersey-lo""},{""title"":""Growth Marketing Engineer"",""link"":""https://careers.equinix.com/jobs/growth-marketing-engineer-equinix-metal-redwood-city-california-united-states-ashburn-virginia-chicago-illinois-frisco-texas-new-york-seattle-washington-tampa-florida""},{""link"":""https://careers.equinix.com/jobs/ux-designer-equinix-metal-redwood-city-california-united-states"",""title"":""UX Designer""},{""link"":""https://careers.equinix.com/students-recent-grads"",""title"":""Internship Opportunities""}]",Job Postings,"[""https://platform-assets-prd.s3.amazonaws.com/sponsor_assets/Equinix/equinix-download-1.png"",""https://platform-assets-prd.s3.amazonaws.com/sponsor_assets/Equinix/equinix-download-2.png"",""https://platform-assets-prd.s3.amazonaws.com/sponsor_assets/Equinix/equinix-download-3.png"",""https://platform-assets-prd.s3.amazonaws.com/sponsor_assets/Equinix/equinix-carousel-1.png"",""https://platform-assets-prd.s3.amazonaws.com/sponsor_assets/Equinix/equinix-carousel-2.png"",""https://platform-assets-prd.s3.amazonaws.com/sponsor_assets/Equinix/equinix-carousel-3.png"",""https://platform-assets-prd.s3.amazonaws.com/sponsor_assets/Equinix/equinix-carousel-4.png"",""https://platform-assets-prd.s3.amazonaws.com/sponsor_assets/Equinix/equinix-carousel-5.png"",""https://platform-assets-prd.s3.amazonaws.com/sponsor_assets/Equinix/equinix-carousel-6.png""]",https://platform-assets-prd.s3.amazonaws.com/sponsor_assets/Equinix/equinix-logo.png,Equinix,https://us06web.zoom.us/j/88017849972?pwd=bWtXNHA1SHVlbFdPam8vbGhBTHVjZz09 ,
d41f9d01-15a8-450c-9d72-d2f79c4cd169,,false,"Fiserv is a global leader in payments and fintech, serving thousands of financial institutions and millions of people and businesses in a world that never powers down.  We have been named among FORTUNE magazine’s “Worlds Most Admired Companies” for eight consecutive years. We are always looking for our next generation of leaders – you – to join us, ignite innovation, and help deliver superior solutions to our clients that positively impact the way they live and work – @ the speed of life.  At Fiserv you will find an environment where leadership, innovation and collaboration are valued. ","[{""title"":""Intern Flyer"",""link"":""https://platform-assets-prd.s3.amazonaws.com/sponsor_assets/Fiserv/fiserv-download-1.pdf""},{""title"":""Analyst Flyer"",""link"":""https://platform-assets-prd.s3.amazonaws.com/sponsor_assets/Fiserv/fiserv-download-2.pdf""},{""link"":""https://www.fiserv.com/en/about-fiserv/corporate-social-responsibility.html"",""title"":""Social Responsibility at Fiserv | Fiserv""},{""link"":""https://www.fiserv.com/"",""title"":""Financial Services Technology, Mobile Banking, Payments | Fiserv ""}]",mavion.fleming@Fiserv.com ,Recruiter,Elizabeth.Chase@fiserv.com ,Recruiter,"[{""title"":""2022 Technology Analyst Program - Infrastructure, Data Science, IT Project Management (NYC/NJ)"",""link"":""https://fiserv.wd5.myworkdayjobs.com/EXT/job/Remote-New-Jersey/Technology-Analyst-Program---Infrastructure--Data-Science--IT-Project-Management---NYC-NJ_R-10243261""},{""title"":""2022 Technology Analyst Program - Application Development (NYC/NJ)"",""link"":""https://fiserv.wd5.myworkdayjobs.com/EXT/job/Remote-New-Jersey/Technology-Analyst-Program---Application-Development---NYC-NJ_R-10243262""},{""link"":""https://fiserv.wd5.myworkdayjobs.com/EXT/job/Remote-New-Jersey/XMLNAME-2022-NYC-NJ-Summer-Intern---Technology-Majors--NYC-NJ-_R-10243258"",""title"":""2022 Summer Intern - Technology Majors (NYC/NJ)""}]",Job Postings,"[""https://platform-assets-prd.s3.amazonaws.com/sponsor_assets/Fiserv/fiserv-carousel-1.png""]",https://platform-assets-prd.s3.amazonaws.com/sponsor_assets/Fiserv/fiserv-logo.png,Fiserv,https://us06web.zoom.us/j/87448287187?pwd=S2hDM214OFNMT3BJRXNhWm8vZFhEZz09 ,
111289c8-03e0-4b81-8e94-551cb6f415da,,false,"The Iribe Initiative for Inclusion and Diversity in Computing aims to create a vibrant, inclusive community of students, educators, and researchers coming together to increase the involvement—and success—of underrepresented populations interested in computing. ","[{""title"":""DEI in Computing at the University of Maryland"",""link"":""https://docs.google.com/presentation/d/e/2PACX-1vRUFuZMHFOXJlWJm3MJLPkJJxgHeLSuqEuWk4TVZ8yRbWfOHq7VvkMFDmU4ZHb0Fltt9PiBEWhkfqfe/pub?start=false&loop=false&delayms=3000""},{""title"":""Stay in Touch with Us"",""link"":""https://go.umd.edu/StayInTouch""}]",katea@umd.edu ,Recruiter,i4c@umd.edu ,General,"[{""title"":""Application"",""link"":""https://go.umd.edu/SprSumm22_Staff_App""}]",Job Postings,"[""https://platform-assets-prd.s3.amazonaws.com/sponsor_assets/I4C/i4c-carousel-1.jpg"",""https://platform-assets-prd.s3.amazonaws.com/sponsor_assets/I4C/i4c-carousel-2.jpg"",""https://platform-assets-prd.s3.amazonaws.com/sponsor_assets/I4C/i4c-carousel-3.jpg"",""https://platform-assets-prd.s3.amazonaws.com/sponsor_assets/I4C/i4c-carousel-4.jpg"",""https://platform-assets-prd.s3.amazonaws.com/sponsor_assets/I4C/i4c-carousel-5.jpg""]",https://platform-assets-prd.s3.amazonaws.com/sponsor_assets/I4C/i4c-logo.png,I4C,,
e8036f63-fa7c-4621-a7ab-00030a4decf4,,false,"Jane Street is a quantitative trading firm with offices worldwide. We hire smart, humble people who love to solve problems, build systems, and test theories. You’ll learn something new every day in our office—whether it’s connecting with a colleague to share perspectives, or participating in a talk, class, or game night. Our success is driven by our people and we never stop improving. ","[{""title"":""Jane Street’s Info Booth"",""link"":""https://platform-assets-prd.s3.amazonaws.com/sponsor_assets/Jane+Street/janestreet-download-1.pdf""},{""title"":""Jane Street Brochure"",""link"":""https://platform-assets-prd.s3.amazonaws.com/sponsor_assets/Jane+Street/janestreet-download-2.pdf""},{""link"":""https://www.janestreet.com/join-jane-street/get-to-know-us/"",""title"":""Jane Street: Get to Know Us""},{""link"":""https://blog.janestreet.com/"",""title"":""Jane Street Tech Blog""}]",connect@janestreet.com ,,,,"[{""title"":""Software Engineering Summer Internship 2022"",""link"":""https://www.janestreet.com/join-jane-street/position/5416966002/""},{""title"":""Quantitative Trading Summer Internship 2022"",""link"":""https://www.janestreet.com/join-jane-street/position/5409941002/""},{""title"":""Sales Team Analyst Summer Internship 2022"",""link"":""https://www.janestreet.com/join-jane-street/position/5454471002/""},{""title"":""Software Engineer"",""link"":""https://www.janestreet.com/join-jane-street/position/5311286002/""},{""title"":""Quantitative Trader"",""link"":""https://www.janestreet.com/join-jane-street/position/5401239002/""},{""title"":""Rotational Development Program"",""link"":""https://www.janestreet.com/join-jane-street/position/5300781002/""}]",Job Postings,[],https://platform-assets-prd.s3.amazonaws.com/sponsor_assets/Jane+Street/janestreet-logo-1.jpg,Jane Street,,
a59224a2-7433-48c0-91d0-cc53c14adf31,,false,"The Johns Hopkins University Applied Physics Laboratory is a Department of Defense-sponsored university affiliated research center (UARC) that develops solutions to critical national challenges through the innovative application of science and technology. Our scientists, engineers, and analysts serve as trusted advisors to the government, developing capabilities and ensuring the reliability of complex technology programs that strengthen the security of our nation and advance the frontiers of science and space exploration. As a UARC, we are prohibited from competing with industry in core work areas; we develop complex systems, technologies, and prototypes that are transitioned to industry for production. ","[{""title"":""APL Culture Video"",""link"":""https://www.youtube.com/watch?v=s-ZTUpeb0A4&feature=youtu.be""},{""title"":""APL Early Career Video"",""link"":""https://www.youtube.com/watch?v=2YlP8wQssc4""}]",Sara.Carbone@jhuapl.edu ,,,,"[{""title"":""Internships"",""link"":""https://jhuapl.taleo.net/careersection/4/jobdetail.ftl?job=27203&lang=en""},{""title"":""Computer Science, Software Engineering, Cybersecurity, AI, Machine Learning"",""link"":""https://jhuapl.taleo.net/careersection/4/jobdetail.ftl?job=27240&lang=en""},{""title"":""Systems Engineering, Applied/Engineering Physics, Optics & Engineering Science, Statistics and Applied Math"",""link"":""https://jhuapl.taleo.net/careersection/4/jobdetail.ftl?job=27241&lang=en""},{""title"":""Electrical Engineering & Computer Engineering"",""link"":""https://jhuapl.taleo.net/careersection/4/jobdetail.ftl?job=27242&lang=en""},{""title"":""Recently Awarded PhDs or Postdocs"",""link"":""https://jhuapl.taleo.net/careersection/4/jobdetail.ftl?job=27243&lang=en""}]",Job Postings,[],https://platform-assets-prd.s3.amazonaws.com/sponsor_assets/JHU_APL/apl_logo_black.png,JHU APL,https://us06web.zoom.us/j/89291631242?pwd=UW1yajVDOHZlR0N2ekpEQlA2dHBjdz09 ,
6cb591c5-15f9-44b1-9dc8-763bddc2edb9,,false,"When you join JPMorgan Chase & Co., you're not just working at a global financial institution; you're an important part of one of the world's biggest technology companies. Across our global technology centers, our team of more than 50,000 technologists design, build, deploy and run everything from enterprise technology initiatives to big data and mobile solutions, as well as innovations in electronic payments, cybersecurity, machine learning and cloud development. Our $12 billion annual investment in technology enables us to hire people to create innovative solutions that will not only transform the financial services industry, but also change the world. ","[{""title"":""Presentation"",""link"":""https://platform-assets-prd.s3.amazonaws.com/sponsor_assets/JPMorganChase/jpmorgan-download-1.pptx""},{""title"":""Talent Network Form"",""link"":""https://tinyurl.com/yjmxwzfw""},{""title"":""JPMC Global Overview"",""link"":""https://www.youtube.com/watch?v=VF74MZ0yELA""}]",lisa.earley@chase.com ,Recruiter,sep.campus.recruiting@jpmchase.com ,General,"[{""title"":""Software Engineer Program – Summer Internship"",""link"":""https://careers.jpmorgan.com/us/en/students/programs/software-engineer-summer""},{""link"":""https://careers.jpmorgan.com/us/en/students/programs/software-engineer-fulltime"",""title"":""Software Engineer Program – Full Time""},{""link"":""https://careers.jpmorgan.com/us/en/students/programs/tech-connect"",""title"":""Tech Connect – Full Time""}]",Job Postings,"[""https://platform-assets-prd.s3.amazonaws.com/sponsor_assets/JPMorganChase/jpmorgan-logo-1.jpg"",""https://platform-assets-prd.s3.amazonaws.com/sponsor_assets/JPMorganChase/jpmorgan-carousel-1.jpg"",""https://platform-assets-prd.s3.amazonaws.com/sponsor_assets/JPMorganChase/jpmorgan-carousel-2.jpg"",""https://platform-assets-prd.s3.amazonaws.com/sponsor_assets/JPMorganChase/jpmorgan-carousel-3.jpg"",""https://platform-assets-prd.s3.amazonaws.com/sponsor_assets/JPMorganChase/jpmorgan-carousel-4.jpg"",""https://platform-assets-prd.s3.amazonaws.com/sponsor_assets/JPMorganChase/jpmorgan-carousel-5.jpg"",""https://platform-assets-prd.s3.amazonaws.com/sponsor_assets/JPMorganChase/jpmorgan-carousel-6.jpg""]",https://platform-assets-prd.s3.amazonaws.com/sponsor_assets/JPMorganChase/Logo2008_JPMC_A_Black.jpg,JP Morgan Chase,https://zoom.us/j/92928197069?pwd=ZXdudmh4d25sdDlaZHFIUEZtQXlUQT09 ,
4a297e08-06e6-4c8d-bdf9-daad53fb4bc7,,false,"The Laboratory for Telecommunication Sciences is a premier government research laboratory located on the campus of the University of Maryland in College Park.  LTS cultivates a collaborative environment and partners with academia, industry, and government to conduct advanced networking and computing research.  LTS focuses on unique and innovative solutions to some of the world’s most challenging problems.   The National Security Agency/Central Security Service (NSA/CSS) leads the U.S. Government in cryptology that encompasses both signals intelligence (SIGINT) and information assurance (now referred to as cybersecurity) products and services, and enables computer network operations (CNO) in order to gain a decision advantage for the Nation and our allies under all circumstances. NSA is the world leader in cryptology - the art and science of making and breaking codes. ","[{""title"":""Website"",""link"":""https://www.nsa.gov/""},{""title"":""More about NSA"",""link"":""https://www.youtube.com/channel/UCXfnaN5jl0RPR1dirFTOZ3A""},{""title"":""College Programs at NSA"",""link"":""https://platform-assets-prd.s3.amazonaws.com/sponsor_assets/LTS/lts-download-1.pdf""},{""title"":""Development Programs at NSA"",""link"":""https://platform-assets-prd.s3.amazonaws.com/sponsor_assets/LTS/lts-download-3.pdf""},{""title"":""NSA Careers"",""link"":""https://platform-assets-prd.s3.amazonaws.com/sponsor_assets/LTS/lts-download-2.pdf""}]",rmcosde@nsa.gov ,Recruiter,Outreach@ltsnet.net ,General,"[{""title"":""Student Programs"",""link"":""https://apply.intelligencecareers.gov/student-programs""},{""title"":""Full time Development Programs"",""link"":""https://www.intelligencecareers.gov/nsa/nsadevprograms.html""},{""title"":""Full Time Jobs"",""link"":""https://apply.intelligencecareers.gov/job-listings?agency=NSA""}]",Job Postings,"[""https://platform-assets-prd.s3.amazonaws.com/sponsor_assets/LTS/lts-logo-blue.png""]",https://platform-assets-prd.s3.amazonaws.com/sponsor_assets/LTS/lts-logo-blue.png,LTS,https://us06web.zoom.us/j/84385851586?pwd=MGRoUHlLT2VjbkxwcTlPQmZ0Y3NRdz09 ,
b7ae7983-c8fc-466c-aafe-a2ec98fb65d3,,false,"At M&T Tech, (division of M & T Bank) we’re a team of makers, doers and builders, working to create the most advanced technology solutions in banking. We’re not your stereotypical suit-and-tie-bankers, we’re an innovative team of leading tech experts, pushing boundaries and taking risks. From personal financial management to digital lending to payment processing and lots more, we’re leveraging modern development techniques to create new products and services that help our customers thrive. We’re building an agile team of the best and brightest, working to solve complex problems, creating solutions, writing code, and charting our path, all to make the lives of our customers, and the communities that we serve, better. ","[{""title"":""Career Kick start flyer"",""link"":""https://platform-assets-prd.s3.amazonaws.com/sponsor_assets/MTBank/mtbank-download-1.pdf""},{""title"":""TDP Flyer"",""link"":""https://platform-assets-prd.s3.amazonaws.com/sponsor_assets/MTBank/mtbank-download-2.pdf""},{""title"":""Intern Flyer"",""link"":""https://platform-assets-prd.s3.amazonaws.com/sponsor_assets/MTBank/mtbank-download-3.pdf""},{""title"":""M&T Technology Recruiting Video"",""link"":""https://www.youtube.com/watch?v=B0tisbdARwI&feature=youtu.be""},{""title"":""Seneca One Tech Hub Unveiling Video"",""link"":""https://mandtbank-my.sharepoint.com/:v:/r/personal/asorge_mtb_com/Documents/Tech%20Hub%20at%20Seneca%20One%20-%20Full%20Video%20Story%20(1).mp4?csf=1&web=1&e=TjiFim""}]",etozser@mtb.com ,Recruiter,nextgentalentteam@mtb.com ,General,"[{""title"":""Technology Development Program (TDP)"",""link"":""https://www3.mtb.com/careers/training-programs/technology-development""},{""title"":""Technology Internship Program"",""link"":""https://www3.mtb.com/careers/training-programs/technology-internship-program""},{""title"":""Bank Wide Career Site"",""link"":""https://mtb.com/careers""}]",Job Postings,"[""https://platform-assets-prd.s3.amazonaws.com/sponsor_assets/MTBank/mtbank-logo-picture.png"",""https://platform-assets-prd.s3.amazonaws.com/sponsor_assets/MTBank/mtbank-carousel-1.jpg""]",https://platform-assets-prd.s3.amazonaws.com/sponsor_assets/MTBank/mtb_white_1000x400.png,M&T Bank,https://us06web.zoom.us/j/87686629909?pwd=MVBadTdMTUVzc1lORWZJYmZqTC9rQT09 ,
9969b06c-151e-4773-8cdf-2c113a073bda,,false,"Matrix is a gamified platform for content creators, esport teams, and other digital brands. Brands are able to create quests, which fans complete to earn NFT prizes. However, this is only the first step. Matrix seeks to democratize entertainment, by rewarding fans with ownership in the brands that they participate in. Matrix recently raised $3.5M from investors such as Samsung, Warner Music Group, Galaxy, and others. They are hiring for a myriad of roles, including frontend developers, backend developers, and designers! If you are interested, please visit: https://www.notion.so/matrixesports/Work-Matrix-6778ea0bfd184837ae49e5affec5ec79 ","[{""title"":""Website"",""link"":""mtx.gg""}]",JZ@mtx.gg ,,,,"[{""title"":""Positions"",""link"":""https://www.notion.so/matrixesports/Work-Matrix-6778ea0bfd184837ae49e5affec5ec79""}]",Job Postings,[],https://platform-assets-prd.s3.amazonaws.com/sponsor_assets/Matrix/matrix-logo-white.png,Matrix,https://us06web.zoom.us/j/81091692009?pwd=dm93MzVKclh1STJYM0crWEQ0MVdzdz09 ,
bda1d2d8-ee41-410f-aec6-0b463a43c578,,false,"We invent the tech the world loves. Before there were smartphones or smart cities, before autonomous cars or 360° virtual reality videos, there was our technology. Qualcomm inventions are the foundational technologies that others build upon—inventing new industries and applications that have global impact. From 5G to artificial intelligence, from IoT to automotive and extended reality applications, Qualcomm is inventing the technologies the world loves.  Invent with us. Empowering people. Transforming communities. Protecting the planet. Qualcomm invents the technologies that have the power to catalyze social change and the potential to impact society for the better.  Building your success. Qualcomm’s internship program has been strategically developed as a pipeline for the company’s full-time opportunities. This is your chance to join some of the world’s leading engineers. We support your success by creating support teams to help you thrive, pairing you with a mentor to help you navigate your new team, providing resources to help you solve complex problems. Welcome to the Qualcomm community! ","[{""title"":""Qualcomm Overview Video"",""link"":""https://www.qualcomm.com/videos/full-qualcomm-b-roll""},{""title"":""Qualcomm 5G Video"",""link"":""https://www.qualcomm.com/videos/qualcomm-5g-b-roll""}]",ksteele@qualcomm.com ,Recruiter,ewoodruf@qualcomm.com ,Recruiter,"[{""title"":""Summer 2022 Internship Postings"",""link"":""https://qualcommuniversityhiring.splashthat.com/""},{""title"":""Full Time Postings"",""link"":""https://qualcomm.wd5.myworkdayjobs.com/External?source=APPLICANT_SOURCE-6-105""}]",Job Postings,"[""https://platform-assets-prd.s3.amazonaws.com/sponsor_assets/Qualcomm/qualcomm-carousel-1.jpg"",""https://platform-assets-prd.s3.amazonaws.com/sponsor_assets/Qualcomm/qualcomm-carousel-2.jpg""]",https://platform-assets-prd.s3.amazonaws.com/sponsor_assets/Qualcomm/qc_logo_dml_rgb_blu_pos.jpg,Qualcomm,https://us06web.zoom.us/j/87848350663?pwd=bmdJM0lKMm04azEvSGJNdTJldlkyZz09 ,
70a290f4-7bf8-42b6-a0e3-1d9993e7e8ad,,false,"The Qualtrics XM Platform is a system of action that helps businesses to attract customers who stay longer and buy more, to engage and empower employees to do the best work of their lives, to develop breakthrough products people love, and to build a brand people can’t imagine living without.   Joining Qualtrics means becoming part of a team bold enough to chase breakthrough experiences - like building a technology that will be a force for good. A team committed to diversity, equity, and inclusion because of a conviction that every voice holds value, with a vision for representation that matches the world around us and inclusion that far exceeds it. You could belong to a team whose values centeron transparency, being all in, having customer obsession, acting as one team, and operating with scrappiness.  ","[{""title"":""Internship Flyer"",""link"":""https://platform-assets-prd.s3.amazonaws.com/sponsor_assets/Qualtrics/qualtrics-download-2.pdf""},{""title"":""Internship Testimonials"",""link"":""https://platform-assets-prd.s3.amazonaws.com/sponsor_assets/Qualtrics/qualtrics-download-1.pdf""},{""title"":""Qualtrics Students Landing Page"",""link"":""https://www.qualtrics.com/careers/us/en/Students""},{""title"":""Qualtrics Life Blog"",""link"":""https://www.qualtrics.com/qualtrics-life/""}]",sbrewster@qualtrics.com ,Recruiter,recruiting@qualtrics.com ,General,"[{""title"":""Software Engineer New Grad, Reston, VA"",""link"":""https://www.qualtrics.com/careers/us/en/job/3559206/Software-Engineer-New-Grad-Reston-VA?&utm_source=event_partner&utm_medium=event_partner&utm_campaign=TB--QC--HotJobs--Technica""},{""title"":""Software Engineer New Grad, Seattle, WA"",""link"":""https://www.qualtrics.com/careers/us/en/job/260179/Software-Engineer-New-Grad-Seattle-WA?&utm_source=event_partner&utm_medium=event_partner&utm_campaign=TB--QC--HotJobs--Technica""},{""title"":""Software Engineer New Grad, Provo, UT"",""link"":""https://www.qualtrics.com/careers/us/en/job/180276/Software-Engineer-New-Grad-Provo-UT?&utm_source=event_partner&utm_medium=event_partner&utm_campaign=TB--QC--HotJobs--Technica""},{""title"":""Software Test Engineer New Grad, Seattle, WA"",""link"":""https://www.qualtrics.com/careers/us/en/job/600489/Software-Test-Engineer-New-Grad""},{""title"":""Software Engineering Intern Summer 2022, Seattle, WA"",""link"":""https://www.qualtrics.com/careers/us/en/job/151240/Software-Engineering-Intern-Summer-2022-Seattle-WA?&utm_source=event_partner&utm_medium=event_partner&utm_campaign=TB--QC--HotJobs--Technica""},{""title"":""Software Engineering Intern Summer 2022, Provo, UT"",""link"":""https://www.qualtrics.com/careers/us/en/job/87166/Software-Engineering-Intern-Summer-2022-Provo-UT?&utm_source=event_partner&utm_medium=event_partner&utm_campaign=TB--QC--HotJobs--Technica""}]",Job Postings,"[""https://platform-assets-prd.s3.amazonaws.com/sponsor_assets/Qualtrics/Q_190919_TACOS_Graphics_twitterT.jpg"",""https://platform-assets-prd.s3.amazonaws.com/sponsor_assets/Qualtrics/Q_190919_TACOS_Graphics_twitterA.jpg"",""https://platform-assets-prd.s3.amazonaws.com/sponsor_assets/Qualtrics/Q_190919_TACOS_Graphics_twitterC.jpg"",""https://platform-assets-prd.s3.amazonaws.com/sponsor_assets/Qualtrics/Q_190919_TACOS_Graphics_twitterO.jpg"",""https://platform-assets-prd.s3.amazonaws.com/sponsor_assets/Qualtrics/Q_190919_TACOS_Graphics_twitterS.jpg""]",https://platform-assets-prd.s3.amazonaws.com/sponsor_assets/Qualtrics/qualtrics-xm-2x.png,Qualtrics,,
ed6edc4f-5cd4-40ea-bf6f-3c224c71809f,,false,"We leverage the capabilities of industry-leading commercial-off-the-shelf software, backed by trained experts to bring you cost-effective solutions with quicker deployment times, and robust support for mission-critical applications. We remove deployment and operational risks through cleared personnel. As an independent subsidiary of SAP, with nearly a thousand employees, we are dedicated to delivering the best of SAP innovation, from cloud to predictive analytics; machine learning to data fusion. We also build tailored solutions that leverage some of industry’s best software tools and most talented humans.","[{""title"":""Pamphlet"",""link"":""https://platform-assets-prd.s3.amazonaws.com/sponsor_assets/SAP_NS2/sap-ns2-download-1.pdf""},{""title"":""Booklet"",""link"":""https://platform-assets-prd.s3.amazonaws.com/sponsor_assets/SAP_NS2/sap-ns2-download-2.pdf""},{""title"":""About SAP NS2 Video"",""link"":""https://www.youtube.com/watch?v=sF74qFvUO8M""},{""title"":""LinkedIn"",""link"":""https://www.linkedin.com/company/sapns2/""}]",amira.nguyen@sapns2.com,,,,"[{""title"":""Enter code e4949a"",""link"":""https://ripplematch.com/checkin""}]",Job Postings,"[""https://platform-assets-prd.s3.amazonaws.com/sponsor_assets/SAP_NS2/sap-ns2-carousel-1.png"",""https://platform-assets-prd.s3.amazonaws.com/sponsor_assets/SAP_NS2/sap-ns2-carousel-2.png"",""https://platform-assets-prd.s3.amazonaws.com/sponsor_assets/SAP_NS2/sap-ns2-carousel-3.png""]",https://platform-assets-prd.s3.amazonaws.com/sponsor_assets/SAP_NS2/logo_SAP_NS2_blue_1600w.png,SAP NS2,https://us06web.zoom.us/j/85094618045?pwd=Tzl2OHN4Z3hRdHhaVDl3MnlKQmNoUT09 ,
cbbd5b26-32ef-4e03-aa70-6dbe59f63e0b,,false,"Shield AI is a fast growing, venture-backed defense-technology company built around a team of proven executives, distinguished warfighters with relevant national security experience, and world-class AI engineers.  The company is headquartered in San Diego, CA with satellite offices throughout the United States, Europe, the Middle East, and Asia by end of 2021. Shield AI’s mission is to protect service members and civilians with artificially intelligent systems.     Shield AI’s stand-out product is Hivemind, an autonomy and artificial intelligence stack for military and commercial aircraft. Simply put, it is self-driving technology for aircraft. Hivemind enables swarms of aircraft to maneuver fully autonomously on the edge in high threat, GPS and communication degraded environments. Since 2018, Shield AI’s Nova autonomous quadcopters, equipped with Hivemind, have been deployed across the globe by the DoD and allies.    Shield AI’s recent acquisition of Heron Systems — the AI company known for winning DARPA’s AlphaDogfight trials — enables the integration of Hivemind on Group 5 UAS, legacy and next generation fighter aircraft.    ","[{""title"":""Pamphlet"",""link"":""https://platform-assets-prd.s3.amazonaws.com/sponsor_assets/ShieldAI/shieldai-download-2.pdf""},{""title"":""Video"",""link"":""https://platform-assets-prd.s3.amazonaws.com/sponsor_assets/ShieldAI/shieldai-download-1.mp4""}]",eryn.jenkins@shield.ai ,Recruiter,alexander.newgent@heronsystems.com ,Recruiter,"[{""title"":""Machine Learning Engineer"",""link"":""https://jobs.lever.co/shieldai/666f5974-e8b0-4146-9dd6-fff7725c8362""},{""title"":""Software Engineer C++"",""link"":""https://jobs.lever.co/shieldai/dcfeda8e-7cbe-40ec-bc2d-71e520d9ef82""}]",Job Postings,"[""https://platform-assets-prd.s3.amazonaws.com/sponsor_assets/ShieldAI/shieldai-logo-black.png""]",https://platform-assets-prd.s3.amazonaws.com/sponsor_assets/ShieldAI/shield_ai.png,ShieldAI,https://us06web.zoom.us/j/89408922813?pwd=eFc2Z3dWbnJzWmUxZEtKZWx2UklvQT09 ,
519766c6-7103-449a-bf59-3d8b0a53b48f,,false,T. Rowe Price is a global investment management firm serving a diverse set of clients and employing many distinct investment strategies. The portfolios we manage share a common objective: to earn superior risk-adjusted returns for our clients over the long term. ,"[{""title"":""History of T. Rowe Price"",""link"":""https://youtu.be/aqN-2GlHfbA""}]",leah.stewart@troweprice.com ,,,,"[{""title"":""2022 Associate Software Engineer Cohort"",""link"":""https://troweprice.wd5.myworkdayjobs.com/en-US/TRowePrice/job/Owings-Mills-MD/XMLNAME-2022-Associate-Software-Engineer-Cohort-Program_53123""},{""title"":""2022 Global Technology Internship Program"",""link"":""https://troweprice.wd5.myworkdayjobs.com/en-US/TRowePrice/job/Baltimore-MD/XMLNAME-2022-Global-Technology-Internship-Program_53131""},{""title"":""2022 Launching Your Legacy Pre-Registration"",""link"":""https://apps.gr8people.com/index.gp?method=capp.route&p=recruitingEvents.84""}]",Job Postings,[],https://platform-assets-prd.s3.amazonaws.com/sponsor_assets/TRowePrice/troweprice-logo-color.png,T. Rowe Price,https://us06web.zoom.us/j/83767574238?pwd=V3FxVHAxS2drVFIrenhBQnlRQUFqQT09 ,
91fd60af-51be-4564-9f2f-98c9da19b0af,,false,"Two Six Technologies provides products and expertise to solve complex challenges in six areas of expertise: cyber and space operations, information operations, intelligence and decision support, data science, microelectronics, and nextgen communications. Major customers include DARPA, Department of State, U.S. Cyber Command, Department of Homeland Security, the Intelligence Community and the broader Department of Defense. Headquartered in Arlington, Virginia, Two Six Technologies has more than 440 employees and a global operational footprint that includes a technical presence in more than 40 countries, coupled with native proficiency in more than 20 languages.","[{""title"":""Presentation"",""link"":""https://docs.google.com/presentation/d/1g1V1uvN0jXwN3bP7wMirIBwrCL2snZf4/edit?usp=sharing&ouid=101579258942922529734&rtpof=true&sd=true""}]",Recruiting@twosixtech.com ,,,,"[{""title"":""Junior Software Engineer"",""link"":""https://twosixtech.com/job/?gh_jid=4009053004""},{""title"":""Junior Stack Engineer"",""link"":""https://twosixtech.com/job/?gh_jid=4009053004""},{""title"":""Summer 2022 Intern"",""link"":""https://twosixtech.com/job/?gh_jid=4009053004""}]",Job Postings,"[""https://platform-assets-prd.s3.amazonaws.com/sponsor_assets/TwoSixTechnologies/twosixtechnologies-carousel-1.png""]",https://platform-assets-prd.s3.amazonaws.com/sponsor_assets/TwoSixTechnologies/Two_Six_Techonlogies___Full_Color_2x.png,Two Six Technologies,https://us06web.zoom.us/j/84799743265?pwd=cjNJVTVLTElWVGYvaWZYVGZlRmoxdz09 ,
9787fbe7-34e1-4172-b91d-2b7980ed214d,,false,"At Robinhood Markets, our values are in service of our customers. We strive to uphold our values everyday: safety first, participation is power, radical customer focus, and first-principles thinking. We believe the financial system should be built to work for everyone. That’s why we create products that let you start investing at your own pace, on your own terms. ","[{""title"":""Student FAQ"",""link"":""https://docs.google.com/document/d/1gdWBokw-cRh4GPOo5saHPD_Nr35O0KzIWK_WV4gnko8/edit?usp=sharing""},{""title"":""Culture Capital Video"",""link"":""https://www.youtube.com/watch?v=iK0WO0VrTUo&feature=youtu.be""},{""title"":""Robinhood Website & Early Talent Careers Page"",""link"":""https://earlytalent.robinhood.com/""}]",University@robinhood.com ,,,,"[{""title"":""Backend Engineer, Intern"",""link"":""https://boards.greenhouse.io/robinhood/jobs/3339166?t=gh_src=&gh_jid=3339166""},{""link"":""https://boards.greenhouse.io/robinhood/jobs/3355040?t=gh_src=&gh_jid=3355040"",""title"":""Backend Engineer, New Grad""},{""link"":""https://boards.greenhouse.io/robinhood/jobs/3339212?t=gh_src=&gh_jid=3339212"",""title"":""iOS Engineer, Intern""},{""link"":""https://boards.greenhouse.io/robinhood/jobs/3339207?t=gh_src=&gh_jid=3339207"",""title"":""iOS Engineer, New Grad""},{""link"":""https://boards.greenhouse.io/robinhood/jobs/3346948?t=gh_src=&gh_jid=3346948"",""title"":""Web Engineer, Intern""},{""link"":""https://boards.greenhouse.io/robinhood/jobs/3339160?t=gh_src=&gh_jid=3339160"",""title"":""Web Engineer, New Grad""}]",Job Postings,[],https://platform-assets-prd.s3.amazonaws.com/sponsor_assets/Robinhood/RH_Logo_RGB_Green_101019.png,Robinhood,https://us06web.zoom.us/j/81814194735?pwd=WUtwMVgxZ2o2S3lNR2krMWRRMzRpQT09 ,
925917f8-371e-4186-84d3-bb3a985a466a,,false,"Stellar is an open-source blockchain network for currencies and payments, and makes it possible  to create, send and trade digital representations of all forms of money—dollars, pesos, bitcoin, NFTs, pretty much anything!   Companies and developers all over the world use Stellar to create innovative solutions to real-world problems to further equitable access to the global financial system.  The network is guided by the Stellar Development Foundation (SDF), a non-profit organization founded in 2014. SDF and Stellar seek to unlock the world’s economic potential by making money more fluid, markets more open, and people more empowered. ","[{""title"":""Stellar Resources"",""link"":""https://stellar-resources.notion.site/Technica-x-Stellar-97523d0d224e46c191716d537005545a""},{""title"":""Stellar Website"",""link"":""https://www.stellar.org/?locale=en""}]",richard@stellar.org ,Recruiter,anke@stellar.org ,General,"[{""title"":""C++ Engineer Intern"",""link"":""https://boards.greenhouse.io/sdfintern/jobs/4115771004""}]",Job Postings,"[""https://platform-assets-prd.s3.amazonaws.com/sponsor_assets/Stellar/Slide+1.png"",""https://platform-assets-prd.s3.amazonaws.com/sponsor_assets/Stellar/Slide+2.png"",""https://platform-assets-prd.s3.amazonaws.com/sponsor_assets/Stellar/Slide+3.png"",""https://platform-assets-prd.s3.amazonaws.com/sponsor_assets/Stellar/Slide+4.png"",""https://platform-assets-prd.s3.amazonaws.com/sponsor_assets/Stellar/Slide+5.png""]",https://platform-assets-prd.s3.amazonaws.com/sponsor_assets/Stellar/SDF_Large_Black.png,Stellar,https://zoom.us/j/93065881425?pwd=dnhlQitXeTVndVNEWGVDYzNLa3JMZz09 ,
94ed66f9-e582-4b29-a27b-a25528fd1c9a,,false,"Our story begins more than 160 years ago, when our founder, James G. Batterson, sold the very first accident insurance policy in the United States. Since then, our colorful and exciting history illustrates a remarkable agility to innovate and adapt to changing times. Today, Travelers is one of the nation’s largest property and casualty insurance providers. A component of the Dow Jones Industrial Average, Travelers has more than 30,000 employees, 13,000 independent agents and multiple market segments across the personal, business, financial and international insurance groups. While our commitment to doing what is right for our customers has remained the same, our approach has evolved to include the latest technologies and solutions. Learn more about life at Travelers: https://careers.travelers.com/life-at-travelers/ Join our Talent Community to receive customized job alerts and information about opportunities at Travelers: travelers.com/technetwork ","[{""title"":""Technology Leadership Development Program"",""link"":""https://s3.amazonaws.com/cdn-static.findly.com/wp-content/uploads/sites/1053/2021/06/10104638/SellSheet_Tech_TLDP_2021.pdf""},{""title"":""Travelers Innovation"",""link"":""https://www.youtube.com/watch?v=R7lpOzF-x1k&list=PLxuXeImzB_r3O94tIZOPLyFKn1Qi82Xnz&index=19&t=0s""},{""title"":""About Us"",""link"":""https://www.youtube.com/watch?v=j_NQNFLwsLQ""}]",JDMARTI3@travelers.com ,,,,"[{""title"":""Technology Leadership Development Program (TLDP) Participant - Hartford, CT"",""link"":""https://careers.travelers.com/job/13904128/technology-leadership-development-program-tldp-participant-hartford-ct/?codes=S0727""},{""link"":""https://careers.travelers.com/job/13904129/technology-leadership-development-program-tldp-participant-saint-paul-mn/?codes=S0727"",""title"":""Technology Leadership Development Program (TLDP) Participant - Saint Paul, MN""},{""link"":""https://careers.travelers.com/job/13904130/technology-leadership-development-program-tldp-participant-hunt-valley-md/?codes=S0727"",""title"":""Technology Leadership Development Program (TLDP) Participant - Hunt Valley, MD""},{""link"":""https://careers.travelers.com/job/13803465/technology-leadership-development-program-tldp-intern-hartford-ct/?codes=S0727"",""title"":""Technology Leadership Development Program (TLDP) Internship - Hartford, CT""},{""link"":""https://careers.travelers.com/job/13803466/technology-leadership-development-program-tldp-intern-saint-paul-mn/?codes=S0727"",""title"":""Technology Leadership Development Program (TLDP) Internship - Saint Paul, MN""},{""link"":""https://careers.travelers.com/job/13803467/technology-leadership-development-program-tldp-intern-hunt-valley-md/?codes=S0727"",""title"":""Technology Leadership Development Program (TLDP) Internship  - Hunt Valley, MD""}]",Job Postings,"[""https://platform-assets-prd.s3.amazonaws.com/sponsor_assets/Travelers/travelers1.jpg"",""https://platform-assets-prd.s3.amazonaws.com/sponsor_assets/Travelers/travelers2.jpg"",""https://platform-assets-prd.s3.amazonaws.com/sponsor_assets/Travelers/travelers3.jpg""]",https://platform-assets-prd.s3.amazonaws.com/sponsor_assets/Travelers/travelers_transparent_RGB-01.png,Travelers,https://us06web.zoom.us/j/88662374712?pwd=YW5PWXVTbXNFellLQWJGekFxK0s4dz09 ,
76e7c35e-a2e6-4042-ba7a-d8938bd55ed2,,,,,,,,,,,,https://platform-assets-prd.s3.amazonaws.com/sponsor_assets/Appian/UPDATED+APPIAN+LOGO.png,Appian,,
